https://cdnb.artstation.com/p/assets/images/images/088/075/811/large/florian-bobe-33.jpg?1747378290 - Haikyu!!
https://cdnb.artstation.com/p/assets/images/images/086/487/343/small/florian-bobe-zoro3-copy.jpg?1743329346 - Roronoa Zoro
https://cdnb.artstation.com/p/assets/images/images/085/631/309/small/florian-bobe-no-wm.jpg?1741258954 - Goku SSJ4 Daima
https://i.postimg.cc/Qd3drZCG/25-01-Shanks.jpg - Akagami no Shanks
https://cdnb.artstation.com/p/assets/images/images/082/404/301/small/florian-bobe-24-16-dandadan.jpg?1732884477 - DanDaDan
https://cdnb.artstation.com/p/assets/images/images/082/231/903/small/florian-bobe-24-14-mirko.jpg?1732442755 - Mirko
https://i.postimg.cc/d3sKJn0x/22-Jotaro-Kujoh.jpg - Jotaro Kujoh
https://i.postimg.cc/ZnKXGR7k/24-11-Escanor.jpg - Escanor
https://cdna.artstation.com/p/assets/images/images/081/290/790/small/florian-bobe-24-10-kaiju-n8.jpg?1729855869 - Kaiju n8
https://cdna.artstation.com/p/assets/images/images/080/251/844/small/florian-bobe-24-09-dungeon-meshi.jpg?1727104540 - Dungeon Meshi
https://cdna.artstation.com/p/assets/images/images/076/628/730/small/florian-bobe-groupe-1-copie-2.jpg?1717427697 - Griffith
https://cdnb.artstation.com/p/assets/images/images/076/294/325/small/florian-bobe-calque-1.jpg?1716648035 - Luffy v Kaido
https://cdna.artstation.com/p/assets/images/images/076/101/418/small/florian-bobe-arriere-plan.jpg?1716200242 - Naruto Seinin 
https://cdna.artstation.com/p/assets/images/images/077/548/948/small/florian-bobe-24-05-sasuke-22-redraw.jpg?1719752691 - Sasuke Uchiha
https://cdna.artstation.com/p/assets/images/images/075/925/280/small/florian-bobe-calque-77-copie-3.jpg?1715761266 - Fern
https://i.postimg.cc/ydbNqJgv/24-03-Frieren.jpg - Frieren
https://cdna.artstation.com/p/assets/images/images/075/440/642/small/florian-bobe-20.jpg?1714573674 - Sung Jin Woo 
https://cdna.artstation.com/p/assets/images/images/073/686/698/small/florian-bobe-16.jpg?1710251124 - King 
https://i.postimg.cc/W11b46GX/23-Yoruichi.jpg - Yoruichi
https://i.postimg.cc/Kjbmhnc7/23-Yor.jpg - Yor
https://i.postimg.cc/50qZvD1v/23-Vegeta-Ego.jpg - Vegeta ego
https://i.postimg.cc/pL3btDq9/23-Nico-Robin.jpg - Nico Robin
https://i.postimg.cc/8zJ9w7NT/23-Mitsuri-Kanroji.jpg - Mitsuri Kanroji 
https://i.postimg.cc/Px4RNZzQ/23-Kyojuro-Rengoku.jpg - Kyojuro Rengoku
https://i.postimg.cc/DZjPtcPH/23-Deku.jpg - Deku
https://i.postimg.cc/G25vMmc1/23-A-Zoro.jpg - Zoro
https://i.postimg.cc/yx3c2Cd3/23-A-Usopp.jpg - Usopp
https://i.postimg.cc/pVmSP95z/23-A-Toji.jpg - Toji
https://i.postimg.cc/3JHFzWXK/23-A-Sukuna.jpg - Sukuna
https://i.postimg.cc/C1qbQVdB/23-A-Sanji.jpg - Sanji 
https://i.postimg.cc/PfbwpyDj/23-A-Nanami.jpg _ Nanami
https://i.postimg.cc/yYQWcbYw/23-A-Nami.jpg - Nami
https://i.postimg.cc/1z6txRcQ/23-A-Luffy.jpg - Luffy
https://i.postimg.cc/fLfRLHrq/23-A-Gojo.jpg - Gojo 
https://i.postimg.cc/X7JYjkcx/22-Son-Goku-UI.jpg - Goku UI
https://i.postimg.cc/g0vYSSmc/22-Shanks.jpg - Shanks
https://i.postimg.cc/76wqp3Z3/22-Sasuke.jpg - Sasuke 
https://i.postimg.cc/50sW-TDGJ/22-Power.jpg - Power
https://i.postimg.cc/hPPfJBgL/22-Nami.jpg - Nami 
https://i.postimg.cc/RFs2XK6V/22-Luffy-Wano.jpg - Luffy Wano
https://i.postimg.cc/mDKWT7bp/22-Luffy-G4.jpg - Luffy G4
https://i.postimg.cc/DzDMGFt8/22-Le-Blanc.png - LeBlanc
https://i.postimg.cc/1X17WBRS/22-Ichigo.jpg - Ichigo
https://i.postimg.cc/26h2BWQK/22-Guts-redraw.jpg - Guts 
https://i.postimg.cc/Y96zSHkc/22-Gojo.jpg - Gojo
https://i.postimg.cc/y6kn4w3N/22-Erza-Scarlett.jpg - Erza
https://i.postimg.cc/28cFyTp5/22-Eren-Yaeger.jpg - Eren Yaeger
https://i.postimg.cc/63XCgmZM/22-Cell-Perfect.jpg - Cell Perfect
https://i.postimg.cc/brYkNS3b/22-Bojji.jpg - Bojji 
https://i.postimg.cc/zXcK8BWb/22-All-Might.jpg - All Might 
oui